Joshua 1:9||Have not I commanded thee? Be strong and of a good courage; be not afraid, neither be thou dismayed: for the LORD thy God is with thee whithersoever thou goest.
Proverbs 3:5-6||Trust in the LORD with all thine heart; and lean not unto thine own understanding. In all thy ways acknowledge him, and he shall direct thy paths.
Isaiah 1:18||Come now, and let us reason together, saith the LORD: though your sins be as scarlet, they shall be as white as snow; though they be red like crimson, they shall be as wool.
Isaiah 40:31||But they that wait upon the LORD shall renew their strength; they shall mount up with wings as eagles; they shall run, and not be weary; and they shall walk, and not faint.
Isaiah 41:10||Fear thou not; for I am with thee: be not dismayed; for I am thy God: I will strengthen thee; yea, I will help thee; yea, I will uphold thee with the right hand of my righteousness.
Isaiah 53:5||But he was wounded for our transgressions, he was bruised for our iniquities: the chastisement of our peace was upon him; and with his stripes we are healed.
Micah 6:8||He hath shewed thee, O man, what is good; and what doth the LORD require of thee, but to do justly, and to love mercy, and to walk humbly with thy God?
Psalm 23:1-4||The LORD is my shepherd; I shall not want. He maketh me to lie down in green pastures: he leadeth me beside the still waters. He restoreth my soul: he leadeth me in the paths of righteousness for his name's sake. Yea, though I walk through the valley of the shadow of death, I will fear no evil: for thou art with me; thy rod and thy staff they comfort me.
Psalm 27:1||The LORD is my light and my salvation; whom shall I fear? the LORD is the strength of my life; of whom shall I be afraid?
Psalm 46:10||Be still, and know that I am God: I will be exalted among the heathen, I will be exalted in the earth.
Psalm 119:105||Thy word is a lamp unto my feet, and a light unto my path.
Malachi 3:10||Bring ye all the tithes into the storehouse, that there may be meat in mine house, and prove me now herewith, saith the LORD of hosts, if I will not open you the windows of heaven, and pour you out a blessing, that there shall not be room enough to receive it.
Matthew 5:14-16||Ye are the light of the world. A city that is set on an hill cannot be hid. Neither do men light a candle, and put it under a bushel, but on a candlestick; and it giveth light unto all that are in the house. Let your light so shine before men, that they may see your good works, and glorify your Father which is in heaven.
Matthew 6:33||But seek ye first the kingdom of God, and his righteousness; and all these things shall be added unto you.
Matthew 7:7-8||Ask, and it shall be given you; seek, and ye shall find; knock, and it shall be opened unto you: For every one that asketh receiveth; and he that seeketh findeth; and to him that knocketh it shall be opened.
Matthew 11:28-30||Come unto me, all ye that labour and are heavy laden, and I will give you rest. Take my yoke upon you, and learn of me; for I am meek and lowly in heart: and ye shall find rest unto your souls. For my yoke is easy, and my burden is light.
Matthew 22:37-39||Jesus said unto him, Thou shalt love the Lord thy God with all thy heart, and with all thy soul, and with all thy mind. This is the first and great commandment. And the second is like unto it, Thou shalt love thy neighbour as thyself.
Matthew 28:19-20||Go ye therefore, and teach all nations, baptizing them in the name of the Father, and of the Son, and of the Holy Ghost: Teaching them to observe all things whatsoever I have commanded you: and, lo, I am with you alway, even unto the end of the world. Amen.
John 3:16||For God so loved the world, that he gave his only begotten Son, that whosoever believeth in him should not perish, but have everlasting life.
John 8:32||And ye shall know the truth, and the truth shall make you free.
John 13:34-35||A new commandment I give unto you, That ye love one another; as I have loved you, that ye also love one another. By this shall all men know that ye are my disciples, if ye have love one to another.
John 14:6||Jesus saith unto him, I am the way, the truth, and the life: no man cometh unto the Father, but by me.
John 14:15||If ye love me, keep my commandments.
John 16:33||These things I have spoken unto you, that in me ye might have peace. In the world ye shall have tribulation: but be of good cheer; I have overcome the world.
Romans 8:28||And we know that all things work together for good to them that love God, to them who are the called according to his purpose.
Romans 8:31||What shall we then say to these things? If God be for us, who can be against us?
Philippians 4:13||I can do all things through Christ which strengtheneth me.
Philippians 4:19||But my God shall supply all your need according to his riches in glory by Christ Jesus.
1 Timothy 4:12||Let no man despise thy youth; but be thou an example of the believers, in word, in conversation, in charity, in spirit, in faith, in purity.
Hebrews 11:1||Now faith is the substance of things hoped for, the evidence of things not seen.
James 1:5||If any of you lack wisdom, let him ask of God, that giveth to all men liberally, and upbraideth not; and it shall be given him.
2 Nephi 2:25||Adam fell that men might be; and men are, that they might have joy.
2 Nephi 9:28-29||O that cunning plan of the evil one! O the vainness, and the frailties, and the foolishness of men! When they are learned they think they are wise, and they hearken not unto the counsel of God, supposing they know of themselves, wherefore, their wisdom is foolishness and they shall perish. But to be learned is good if they hearken unto the counsels of God.
2 Nephi 31:20||Wherefore, ye must press forward with a steadfastness in Christ, having a perfect brightness of hope, and a love of God and of all men. Wherefore, if ye shall press forward, feasting upon the word of Christ, and endure to the end, behold, thus saith the Father: Ye shall have eternal life.
Mosiah 2:17||And behold, I tell you these things that ye may learn wisdom; that ye may learn that when ye are in the service of your fellow beings ye are only in the service of your God.
Mosiah 3:19||For the natural man is an enemy to God, and has been from the fall of Adam, and will be, forever and ever, unless he yields to the enticings of the Holy Spirit, and putteth off the natural man and becometh a saint through the atonement of Christ the Lord, and becometh as a child, submissive, meek, humble, patient, full of love, willing to submit to all things which the Lord seeth fit to inflict upon him, even as a child doth submit to his father.
Alma 32:27||But behold, if ye will awake and arouse your faculties, even to an experiment upon my words, and exercise a particle of faith, yea, even if ye can do no more than desire to believe, let this desire work in you, even until ye believe in a manner that ye can give place for a portion of my words.
Alma 34:32||For behold, this life is the time for men to prepare to meet God; yea, behold the day of this life is the day for men to perform their labors.
Helaman 5:12||And now, my sons, remember, remember that it is upon the rock of our Redeemer, who is Christ, the Son of God, that ye must build your foundation; that when the devil shall send forth his mighty winds, yea, his shafts in the whirlwind, yea, when all his hail and his mighty storm shall beat upon you, it shall have no power over you to drag you down to the gulf of misery and endless woe, because of the rock upon which ye are built, which is a sure foundation, a foundation whereon if men build they cannot fall.
3 Nephi 11:10-11||Behold, I am Jesus Christ, whom the prophets testified shall come into the world. And behold, I am the light and the life of the world; and I have drunk out of that bitter cup which the Father hath given me, and have glorified the Father in taking upon me the sins of the world.
3 Nephi 12:48||Therefore I would that ye should be perfect even as I, or your Father who is in heaven is perfect.
Moroni 10:4-5||And when ye shall receive these things, I would exhort you that ye would ask God, the Eternal Father, in the name of Christ, if these things are not true; and if ye shall ask with a sincere heart, with real intent, having faith in Christ, he will manifest the truth of it unto you, by the power of the Holy Ghost. And by the power of the Holy Ghost ye may know the truth of all things.
Moroni 10:32||Yea, come unto Christ, and be perfected in him, and deny yourselves of all ungodliness; and if ye shall love God with all your might, mind and strength, then is his grace sufficient for you, that by his grace ye may be perfect in Christ.
Doctrine and Covenants 6:36||Look unto me in every thought; doubt not, fear not.
Doctrine and Covenants 18:10||Remember the worth of souls is great in the sight of God.
Doctrine and Covenants 19:16-19||For behold, I, God, have suffered these things for all, that they might not suffer if they would repent; but if they would not repent they must suffer even as I; which suffering caused myself, even God, the greatest of all, to tremble because of pain, and to bleed at every pore, and to suffer both body and spirit—and would that I might not drink the bitter cup, and shrink—nevertheless, glory be to the Father, and I partook and finished my preparations unto the children of men.
Doctrine and Covenants 58:27-28||Verily I say, men should be anxiously engaged in a good cause, and do many things of their own free will, and bring to pass much righteousness; for the power is in them, wherein they are agents unto themselves. And inasmuch as men do good they shall in nowise lose their reward.
Doctrine and Covenants 84:88||And whoso receiveth you, there I will be also, for I will go before your face. I will be on your right hand and on your left, and my Spirit shall be in your hearts, and mine angels round about you, to bear you up.
Doctrine and Covenants 121:7-8||My son, peace be unto thy soul; thine adversity and thine afflictions shall be but a small moment; and then, if thou endure it well, God shall exalt thee on high; thou shalt triumph over all thy foes.
Doctrine and Covenants 122:7-9||And if thou shouldst be cast into the pit, or into the hands of murderers, and the sentence of death be passed upon thee; if thou be cast into the deep; if the billowing surge conspire against thee; if fierce winds become thine enemy; if the heavens gather blackness, and all the elements combine to hedge up the way; and above all, if the very jaws of hell shall gape open the mouth wide after thee, know thou, my son, that all these things shall give thee experience, and shall be for thy good. The Son of Man hath descended below them all, art thou greater than he? Therefore, hold on thy way, and the priesthood shall remain with thee, for their bounds are set, they cannot pass. Thy days are known, and thy years shall not be numbered less; therefore, fear not what man can do, for God shall be with you forever and ever.
